repo,n_events,p1_mean,p3_mean,r5_mean,mrr_mean,triage_s_mean,ece_10bin
bugsinpy:PySnooper,2,0.5,0.3333,1.0,0.75,4.5,0.12
bugsinpy:ansible,18,0.5,0.2315,0.9167,0.6407,7.33,0.1648
bugsinpy:black,23,0.7826,0.4058,0.942,0.8696,4.3,0.1806
bugsinpy:cookiecutter,4,0.5,0.25,0.9167,0.6875,6.0,0.1478
bugsinpy:fastapi,15,0.4667,0.3111,1.0,0.6944,5.4,0.1054
bugsinpy:httpie,5,0.2,0.3333,1.0,0.5,7.2,0.252
bugsinpy:keras,44,0.3636,0.3371,0.9356,0.6063,6.82,0.081
bugsinpy:luigi,33,0.5455,0.2525,0.8485,0.6715,7.55,0.0595
bugsinpy:matplotlib,30,0.5667,0.3111,0.9917,0.7428,5.3,0.0506
bugsinpy:pandas,166,0.3735,0.2831,0.9352,0.5923,7.34,0.0689
bugsinpy:sanic,5,0.6,0.3333,1.0,0.8,4.2,0.1154
bugsinpy:scrapy,40,0.45,0.3208,0.97,0.6598,6.15,0.0486
bugsinpy:spacy,10,0.5,0.3,0.9,0.675,6.6,0.0582
bugsinpy:thefuck,31,0.2581,0.2581,0.9194,0.5126,8.32,0.0768
bugsinpy:tornado,16,0.625,0.3333,1.0,0.7573,5.44,0.0904
bugsinpy:tqdm,9,0.4444,0.3333,0.8889,0.662,7.0,0.0729
bugsinpy:youtube-dl,42,0.3333,0.3095,0.9524,0.5968,6.64,0.0724
defects4j:Cli,35,0.4,0.3619,0.9357,0.6405,6.17,0.112
defects4j:Closure,166,0.6325,0.4197,0.9411,0.782,5.04,0.1107
defects4j:Codec,17,0.2941,0.3725,0.9412,0.5725,7.24,0.1981
defects4j:Collections,28,0.4643,0.2619,1.0,0.6595,6.54,0.0344
defects4j:Compress,44,0.3409,0.3182,0.9455,0.5898,6.89,0.1051
defects4j:Csv,16,0.5,0.3542,0.9375,0.6927,6.0,0.0924
defects4j:Gson,16,0.5,0.3333,1.0,0.6948,5.81,0.0792
defects4j:JacksonCore,23,0.6957,0.4783,0.9717,0.8036,5.09,0.1508
defects4j:JacksonDatabind,95,0.4211,0.3614,0.8823,0.6282,7.11,0.1219
defects4j:JacksonXml,6,0.0,0.1111,0.8333,0.271,13.0,0.1932
defects4j:Jsoup,87,0.4253,0.3563,0.8935,0.6364,6.9,0.1029
defects4j:JxPath,19,0.6316,0.4386,1.0,0.7737,5.05,0.093
defects4j:Lang,61,0.2623,0.2732,0.9016,0.5392,7.82,0.0729
defects4j:Math,98,0.5204,0.3486,0.9524,0.708,5.85,0.0419
defects4j:Mockito,37,0.5676,0.4324,0.9378,0.727,5.59,0.158
defects4j:Time,26,0.3846,0.3333,0.9231,0.6433,6.35,0.0867
