event_id,status,reason,n_fix,n_distractors,pool
d4j-Chart-1,skip,revision.id.buggy not in history,,,
d4j-Chart-2,skip,revision.id.buggy not in history,,,
d4j-Chart-3,skip,revision.id.buggy not in history,,,
d4j-Chart-4,skip,checkout failed,,,
d4j-Chart-5,skip,checkout failed,,,
d4j-Chart-6,skip,checkout failed,,,
d4j-Chart-7,skip,checkout failed,,,
d4j-Chart-8,skip,checkout failed,,,
d4j-Chart-9,skip,checkout failed,,,
d4j-Chart-10,skip,checkout failed,,,
d4j-Chart-11,skip,checkout failed,,,
d4j-Chart-12,skip,checkout failed,,,
d4j-Chart-13,skip,checkout failed,,,
d4j-Chart-14,skip,checkout failed,,,
d4j-Chart-15,skip,checkout failed,,,
d4j-Chart-16,skip,checkout failed,,,
d4j-Chart-17,skip,checkout failed,,,
d4j-Chart-18,skip,checkout failed,,,
d4j-Chart-19,skip,checkout failed,,,
d4j-Chart-20,skip,checkout failed,,,
d4j-Chart-21,skip,checkout failed,,,
d4j-Chart-22,skip,checkout failed,,,
d4j-Chart-23,skip,checkout failed,,,
d4j-Chart-24,skip,checkout failed,,,
d4j-Chart-25,skip,checkout failed,,,
d4j-Chart-26,skip,checkout failed,,,
d4j-Cli-1,ok,,2.0,2.0,18.0
d4j-Cli-2,ok,,1.0,6.0,19.0
d4j-Cli-3,ok,,2.0,5.0,18.0
d4j-Cli-4,ok,,1.0,3.0,19.0
d4j-Cli-5,ok,,1.0,2.0,19.0
d4j-Cli-7,ok,,1.0,5.0,5.0
d4j-Cli-8,ok,,1.0,4.0,19.0
d4j-Cli-9,ok,,1.0,2.0,19.0
d4j-Cli-10,ok,,1.0,7.0,19.0
d4j-Cli-11,ok,,1.0,2.0,19.0
d4j-Cli-12,ok,,1.0,3.0,19.0
d4j-Cli-13,ok,,4.0,3.0,21.0
d4j-Cli-14,ok,,1.0,7.0,9.0
d4j-Cli-15,ok,,1.0,5.0,5.0
d4j-Cli-16,ok,,4.0,3.0,21.0
d4j-Cli-17,ok,,1.0,4.0,19.0
d4j-Cli-18,ok,,1.0,3.0,19.0
d4j-Cli-19,ok,,1.0,4.0,19.0
d4j-Cli-20,ok,,1.0,7.0,19.0
d4j-Cli-21,skip,no distractor available (no sibling source file),,,
d4j-Cli-22,ok,,1.0,3.0,19.0
d4j-Cli-23,ok,,1.0,5.0,19.0
d4j-Cli-24,skip,no non-test source file in fix diff,,,
d4j-Cli-25,ok,,1.0,2.0,19.0
d4j-Cli-26,ok,,1.0,5.0,19.0
d4j-Cli-27,ok,,2.0,4.0,19.0
d4j-Cli-28,ok,,1.0,5.0,21.0
d4j-Cli-29,ok,,1.0,4.0,21.0
d4j-Cli-30,ok,,2.0,1.0,20.0
d4j-Cli-31,skip,no distractor available (no sibling source file),,,
d4j-Cli-32,ok,,1.0,2.0,21.0
d4j-Cli-33,ok,,1.0,4.0,21.0
d4j-Cli-34,ok,,4.0,4.0,18.0
d4j-Cli-35,ok,,1.0,4.0,22.0
d4j-Cli-36,ok,,2.0,1.0,21.0
d4j-Cli-37,skip,no non-test source file in fix diff,,,
d4j-Cli-38,ok,,1.0,2.0,22.0
d4j-Cli-39,ok,,1.0,6.0,22.0
d4j-Cli-40,ok,,1.0,3.0,22.0
d4j-Closure-1,ok,,1.0,5.0,255.0
d4j-Closure-2,ok,,1.0,3.0,255.0
d4j-Closure-3,ok,,1.0,7.0,256.0
d4j-Closure-4,ok,,2.0,2.0,49.0
d4j-Closure-5,ok,,1.0,7.0,256.0
d4j-Closure-6,ok,,2.0,5.0,302.0
d4j-Closure-7,ok,,1.0,3.0,4.0
d4j-Closure-8,ok,,1.0,6.0,255.0
d4j-Closure-9,ok,,1.0,6.0,255.0
d4j-Closure-10,ok,,1.0,7.0,255.0
d4j-Closure-11,ok,,1.0,2.0,255.0
d4j-Closure-12,ok,,1.0,2.0,254.0
d4j-Closure-13,ok,,1.0,5.0,254.0
d4j-Closure-14,ok,,2.0,1.0,253.0
d4j-Closure-15,ok,,1.0,2.0,254.0
d4j-Closure-16,ok,,1.0,6.0,254.0
d4j-Closure-17,ok,,1.0,6.0,254.0
d4j-Closure-18,ok,,1.0,7.0,254.0
d4j-Closure-19,ok,,1.0,4.0,4.0
d4j-Closure-20,ok,,1.0,3.0,254.0
d4j-Closure-21,ok,,2.0,5.0,253.0
d4j-Closure-22,ok,,2.0,1.0,253.0
d4j-Closure-23,ok,,1.0,7.0,254.0
d4j-Closure-24,ok,,1.0,5.0,254.0
d4j-Closure-25,ok,,1.0,7.0,254.0
d4j-Closure-26,ok,,1.0,7.0,254.0
d4j-Closure-27,ok,,1.0,6.0,11.0
d4j-Closure-28,ok,,2.0,2.0,252.0
d4j-Closure-29,ok,,1.0,7.0,253.0
d4j-Closure-30,ok,,2.0,6.0,251.0
d4j-Closure-31,ok,,1.0,7.0,252.0
d4j-Closure-32,ok,,1.0,3.0,8.0
d4j-Closure-33,ok,,1.0,2.0,44.0
d4j-Closure-34,ok,,2.0,3.0,257.0
d4j-Closure-35,ok,,5.0,2.0,297.0
d4j-Closure-36,ok,,1.0,6.0,256.0
d4j-Closure-37,ok,,2.0,2.0,264.0
d4j-Closure-38,ok,,1.0,3.0,254.0
d4j-Closure-39,ok,,1.0,2.0,44.0
d4j-Closure-40,ok,,1.0,3.0,254.0
d4j-Closure-41,ok,,1.0,5.0,254.0
d4j-Closure-42,ok,,1.0,3.0,8.0
d4j-Closure-43,ok,,2.0,6.0,253.0
d4j-Closure-44,ok,,1.0,3.0,252.0
d4j-Closure-45,ok,,1.0,2.0,251.0
d4j-Closure-46,ok,,1.0,3.0,44.0
d4j-Closure-47,ok,,3.0,4.0,272.0
d4j-Closure-48,ok,,1.0,2.0,252.0
d4j-Closure-49,ok,,1.0,6.0,252.0
d4j-Closure-50,ok,,1.0,2.0,251.0
d4j-Closure-51,ok,,1.0,5.0,250.0
d4j-Closure-52,ok,,1.0,2.0,250.0
d4j-Closure-53,ok,,1.0,3.0,250.0
d4j-Closure-54,ok,,4.0,2.0,289.0
d4j-Closure-55,ok,,1.0,4.0,247.0
d4j-Closure-56,ok,,1.0,2.0,247.0
d4j-Closure-57,ok,,1.0,6.0,247.0
d4j-Closure-58,ok,,1.0,3.0,247.0
d4j-Closure-59,ok,,1.0,7.0,244.0
d4j-Closure-60,ok,,2.0,4.0,242.0
d4j-Closure-61,ok,,1.0,2.0,243.0
d4j-Closure-62,ok,,1.0,3.0,243.0
d4j-Closure-64,ok,,1.0,4.0,243.0
d4j-Closure-65,ok,,1.0,5.0,243.0
d4j-Closure-66,ok,,1.0,4.0,243.0
d4j-Closure-67,ok,,1.0,4.0,243.0
d4j-Closure-68,ok,,1.0,6.0,8.0
d4j-Closure-69,ok,,1.0,7.0,243.0
d4j-Closure-70,ok,,1.0,4.0,242.0
d4j-Closure-71,ok,,1.0,3.0,241.0
d4j-Closure-72,ok,,2.0,4.0,239.0
d4j-Closure-73,ok,,1.0,6.0,238.0
d4j-Closure-74,ok,,1.0,4.0,238.0
d4j-Closure-75,ok,,1.0,6.0,238.0
d4j-Closure-76,ok,,1.0,7.0,236.0
d4j-Closure-77,ok,,1.0,6.0,236.0
d4j-Closure-78,ok,,1.0,4.0,236.0
d4j-Closure-79,ok,,2.0,6.0,234.0
d4j-Closure-80,ok,,1.0,4.0,235.0
d4j-Closure-81,ok,,1.0,4.0,8.0
d4j-Closure-82,ok,,1.0,3.0,40.0
d4j-Closure-83,ok,,1.0,5.0,235.0
d4j-Closure-84,ok,,1.0,6.0,8.0
d4j-Closure-85,ok,,1.0,5.0,235.0
d4j-Closure-86,ok,,1.0,6.0,234.0
d4j-Closure-87,ok,,1.0,7.0,234.0
d4j-Closure-88,ok,,1.0,3.0,234.0
d4j-Closure-89,ok,,2.0,6.0,233.0
d4j-Closure-90,ok,,2.0,1.0,272.0
d4j-Closure-91,ok,,1.0,7.0,233.0
d4j-Closure-92,ok,,1.0,7.0,233.0
d4j-Closure-94,ok,,1.0,5.0,233.0
d4j-Closure-95,ok,,2.0,3.0,233.0
d4j-Closure-96,ok,,1.0,7.0,234.0
d4j-Closure-97,ok,,1.0,6.0,224.0
d4j-Closure-98,skip,no distractor available (no sibling source file),,,
d4j-Closure-99,ok,,3.0,4.0,223.0
d4j-Closure-100,skip,no distractor available (no sibling source file),,,
d4j-Closure-101,ok,,2.0,5.0,210.0
d4j-Closure-102,ok,,2.0,4.0,209.0
d4j-Closure-103,ok,,2.0,4.0,210.0
d4j-Closure-104,ok,,1.0,2.0,37.0
d4j-Closure-105,ok,,1.0,2.0,208.0
d4j-Closure-106,ok,,2.0,6.0,232.0
d4j-Closure-107,ok,,3.0,5.0,270.0
d4j-Closure-108,ok,,1.0,4.0,272.0
d4j-Closure-109,ok,,1.0,3.0,8.0
d4j-Closure-110,ok,,2.0,5.0,281.0
d4j-Closure-111,ok,,1.0,4.0,4.0
d4j-Closure-112,ok,,1.0,3.0,271.0
d4j-Closure-113,ok,,1.0,7.0,271.0
d4j-Closure-114,ok,,1.0,5.0,271.0
d4j-Closure-115,ok,,1.0,6.0,271.0
d4j-Closure-116,ok,,1.0,6.0,271.0
d4j-Closure-117,ok,,1.0,5.0,271.0
d4j-Closure-118,ok,,1.0,3.0,271.0
d4j-Closure-119,ok,,1.0,5.0,271.0
d4j-Closure-120,ok,,1.0,2.0,271.0
d4j-Closure-121,ok,,2.0,1.0,270.0
d4j-Closure-122,ok,,1.0,5.0,8.0
d4j-Closure-123,ok,,1.0,7.0,266.0
d4j-Closure-124,ok,,1.0,2.0,265.0
d4j-Closure-125,ok,,1.0,3.0,264.0
d4j-Closure-126,ok,,2.0,6.0,259.0
d4j-Closure-127,ok,,1.0,4.0,260.0
d4j-Closure-128,ok,,1.0,2.0,258.0
d4j-Closure-129,ok,,1.0,2.0,258.0
d4j-Closure-130,ok,,1.0,2.0,257.0
d4j-Closure-131,ok,,1.0,2.0,11.0
d4j-Closure-132,ok,,1.0,5.0,257.0
d4j-Closure-133,ok,,1.0,5.0,8.0
d4j-Closure-134,ok,,5.0,2.0,204.0
d4j-Closure-135,skip,no distractor available (no sibling source file),,,
d4j-Closure-136,skip,no distractor available (no sibling source file),,,
d4j-Closure-137,ok,,3.0,4.0,209.0
d4j-Closure-138,ok,,3.0,3.0,209.0
d4j-Closure-139,ok,,5.0,3.0,207.0
d4j-Closure-140,ok,,2.0,1.0,210.0
d4j-Closure-141,ok,,5.0,2.0,211.0
d4j-Closure-142,skip,no distractor available (no sibling source file),,,
d4j-Closure-143,ok,,4.0,3.0,245.0
d4j-Closure-144,skip,no distractor available (no sibling source file),,,
d4j-Closure-145,ok,,2.0,4.0,222.0
d4j-Closure-146,ok,,5.0,2.0,223.0
d4j-Closure-147,ok,,5.0,2.0,219.0
d4j-Closure-148,ok,,3.0,3.0,222.0
d4j-Closure-149,ok,,5.0,2.0,224.0
d4j-Closure-150,ok,,1.0,2.0,234.0
d4j-Closure-151,ok,,1.0,2.0,234.0
d4j-Closure-152,ok,,3.0,3.0,271.0
d4j-Closure-153,ok,,3.0,1.0,232.0
d4j-Closure-154,ok,,2.0,4.0,234.0
d4j-Closure-155,ok,,3.0,5.0,235.0
d4j-Closure-156,ok,,1.0,7.0,237.0
d4j-Closure-157,ok,,5.0,1.0,270.0
d4j-Closure-158,ok,,3.0,4.0,236.0
d4j-Closure-159,ok,,1.0,7.0,238.0
d4j-Closure-160,ok,,2.0,6.0,242.0
d4j-Closure-161,ok,,1.0,7.0,246.0
d4j-Closure-162,ok,,2.0,1.0,246.0
d4j-Closure-163,ok,,2.0,1.0,248.0
d4j-Closure-164,ok,,2.0,5.0,298.0
d4j-Closure-165,ok,,4.0,2.0,41.0
d4j-Closure-166,ok,,5.0,2.0,296.0
d4j-Closure-167,ok,,2.0,5.0,49.0
d4j-Closure-168,skip,no distractor available (no sibling source file),,,
d4j-Closure-169,ok,,5.0,2.0,42.0
d4j-Closure-170,ok,,3.0,2.0,259.0
d4j-Closure-171,ok,,3.0,5.0,274.0
d4j-Closure-172,ok,,1.0,3.0,271.0
d4j-Closure-173,ok,,2.0,1.0,270.0
d4j-Closure-174,skip,no distractor available (no sibling source file),,,
d4j-Closure-175,ok,,1.0,5.0,272.0
d4j-Closure-176,ok,,1.0,3.0,272.0
d4j-Codec-1,ok,,4.0,1.0,2.0
d4j-Codec-2,ok,,1.0,4.0,4.0
d4j-Codec-3,ok,,1.0,3.0,5.0
d4j-Codec-4,ok,,3.0,3.0,3.0
d4j-Codec-5,ok,,1.0,2.0,5.0
d4j-Codec-6,ok,,1.0,5.0,5.0
d4j-Codec-7,ok,,1.0,2.0,5.0
d4j-Codec-8,ok,,2.0,1.0,4.0
d4j-Codec-9,ok,,1.0,5.0,11.0
d4j-Codec-10,ok,,1.0,6.0,6.0
d4j-Codec-11,ok,,1.0,2.0,5.0
d4j-Codec-12,ok,,1.0,4.0,11.0
d4j-Codec-13,skip,no distractor available (no sibling source file),,,
d4j-Codec-14,ok,,5.0,1.0,3.0
d4j-Codec-15,ok,,1.0,3.0,12.0
d4j-Codec-16,ok,,1.0,4.0,12.0
d4j-Codec-17,ok,,1.0,4.0,12.0
d4j-Codec-18,ok,,1.0,2.0,12.0
d4j-Collections-1,ok,,1.0,4.0,35.0
d4j-Collections-2,ok,,1.0,2.0,60.0
d4j-Collections-3,ok,,1.0,7.0,60.0
d4j-Collections-4,ok,,1.0,5.0,35.0
d4j-Collections-5,ok,,1.0,3.0,14.0
d4j-Collections-6,ok,,1.0,6.0,35.0
d4j-Collections-7,ok,,1.0,5.0,60.0
d4j-Collections-8,ok,,1.0,2.0,11.0
d4j-Collections-9,ok,,1.0,3.0,60.0
d4j-Collections-10,ok,,1.0,4.0,35.0
d4j-Collections-11,ok,,1.0,5.0,7.0
d4j-Collections-12,ok,,1.0,6.0,60.0
d4j-Collections-13,ok,,1.0,5.0,60.0
d4j-Collections-14,ok,,1.0,7.0,35.0
d4j-Collections-15,ok,,1.0,2.0,14.0
d4j-Collections-16,ok,,1.0,5.0,14.0
d4j-Collections-17,ok,,1.0,2.0,52.0
d4j-Collections-18,ok,,1.0,3.0,14.0
d4j-Collections-19,ok,,1.0,3.0,14.0
d4j-Collections-20,ok,,1.0,5.0,14.0
d4j-Collections-21,ok,,1.0,4.0,13.0
d4j-Collections-22,ok,,1.0,6.0,36.0
d4j-Collections-23,ok,,1.0,2.0,5.0
d4j-Collections-24,ok,,1.0,3.0,8.0
d4j-Collections-25,ok,,1.0,5.0,50.0
d4j-Collections-26,ok,,1.0,5.0,8.0
d4j-Collections-27,ok,,1.0,7.0,36.0
d4j-Collections-28,ok,,1.0,5.0,5.0
d4j-Compress-1,ok,,1.0,4.0,4.0
d4j-Compress-2,ok,,1.0,2.0,2.0
d4j-Compress-3,ok,,5.0,2.0,35.0
d4j-Compress-4,ok,,4.0,3.0,32.0
d4j-Compress-5,ok,,1.0,7.0,20.0
d4j-Compress-6,ok,,1.0,5.0,20.0
d4j-Compress-7,ok,,1.0,3.0,5.0
d4j-Compress-8,ok,,1.0,3.0,5.0
d4j-Compress-9,ok,,1.0,3.0,6.0
d4j-Compress-10,ok,,1.0,4.0,28.0
d4j-Compress-11,ok,,1.0,3.0,5.0
d4j-Compress-12,ok,,1.0,6.0,6.0
d4j-Compress-13,ok,,1.0,3.0,28.0
d4j-Compress-14,ok,,1.0,6.0,6.0
d4j-Compress-15,ok,,1.0,7.0,28.0
d4j-Compress-16,ok,,1.0,5.0,5.0
d4j-Compress-17,ok,,1.0,5.0,6.0
d4j-Compress-18,ok,,1.0,6.0,6.0
d4j-Compress-19,ok,,1.0,7.0,31.0
d4j-Compress-20,ok,,3.0,2.0,2.0
d4j-Compress-21,ok,,1.0,3.0,14.0
d4j-Compress-22,skip,no non-test source file in fix diff,,,
d4j-Compress-23,ok,,1.0,2.0,14.0
d4j-Compress-24,ok,,1.0,5.0,5.0
d4j-Compress-25,ok,,1.0,2.0,36.0
d4j-Compress-26,ok,,1.0,7.0,8.0
d4j-Compress-27,skip,no non-test source file in fix diff,,,
d4j-Compress-28,ok,,1.0,5.0,5.0
d4j-Compress-29,ok,,5.0,1.0,22.0
d4j-Compress-30,ok,,1.0,4.0,6.0
d4j-Compress-31,ok,,1.0,5.0,5.0
d4j-Compress-32,ok,,1.0,4.0,5.0
d4j-Compress-33,ok,,2.0,4.0,6.0
d4j-Compress-34,ok,,1.0,2.0,42.0
d4j-Compress-35,ok,,1.0,5.0,5.0
d4j-Compress-36,ok,,1.0,6.0,19.0
d4j-Compress-37,skip,no non-test source file in fix diff,,,
d4j-Compress-38,ok,,1.0,5.0,5.0
d4j-Compress-39,ok,,1.0,3.0,9.0
d4j-Compress-40,ok,,1.0,5.0,9.0
d4j-Compress-41,ok,,1.0,4.0,50.0
d4j-Compress-42,ok,,2.0,4.0,49.0
d4j-Compress-43,ok,,1.0,2.0,51.0
d4j-Compress-44,ok,,1.0,7.0,19.0
d4j-Compress-45,ok,,1.0,5.0,5.0
d4j-Compress-46,ok,,1.0,2.0,51.0
d4j-Compress-47,ok,,2.0,3.0,49.0
d4j-Csv-1,ok,,1.0,3.0,7.0
d4j-Csv-2,ok,,1.0,2.0,10.0
d4j-Csv-3,ok,,2.0,2.0,9.0
d4j-Csv-4,ok,,1.0,3.0,10.0
d4j-Csv-5,ok,,1.0,7.0,10.0
d4j-Csv-6,ok,,1.0,6.0,10.0
d4j-Csv-7,ok,,1.0,2.0,10.0
d4j-Csv-8,ok,,1.0,7.0,10.0
d4j-Csv-9,ok,,1.0,4.0,10.0
d4j-Csv-10,ok,,2.0,4.0,9.0
d4j-Csv-11,ok,,1.0,2.0,10.0
d4j-Csv-12,ok,,1.0,4.0,10.0
d4j-Csv-13,ok,,2.0,5.0,9.0
d4j-Csv-14,ok,,1.0,3.0,10.0
d4j-Csv-15,ok,,1.0,4.0,10.0
d4j-Csv-16,ok,,1.0,2.0,10.0
d4j-Gson-1,ok,,1.0,5.0,80.0
d4j-Gson-2,ok,,1.0,5.0,12.0
d4j-Gson-3,ok,,1.0,5.0,12.0
d4j-Gson-4,ok,,2.0,3.0,3.0
d4j-Gson-5,skip,no distractor available (no sibling source file),,,
d4j-Gson-6,ok,,1.0,3.0,12.0
d4j-Gson-7,ok,,1.0,4.0,4.0
d4j-Gson-8,ok,,1.0,4.0,12.0
d4j-Gson-9,skip,no distractor available (no sibling source file),,,
d4j-Gson-10,ok,,4.0,1.0,49.0
d4j-Gson-11,ok,,1.0,3.0,13.0
d4j-Gson-12,ok,,1.0,2.0,13.0
d4j-Gson-13,ok,,1.0,4.0,4.0
d4j-Gson-14,ok,,1.0,2.0,12.0
d4j-Gson-15,ok,,1.0,3.0,4.0
d4j-Gson-16,ok,,1.0,4.0,12.0
d4j-Gson-17,ok,,1.0,3.0,25.0
d4j-Gson-18,ok,,1.0,6.0,12.0
d4j-JacksonCore-1,ok,,3.0,1.0,27.0
d4j-JacksonCore-2,ok,,4.0,4.0,9.0
d4j-JacksonCore-3,ok,,2.0,1.0,31.0
d4j-JacksonCore-4,ok,,1.0,6.0,11.0
d4j-JacksonCore-5,skip,no non-test source file in fix diff,,,
d4j-JacksonCore-6,ok,,1.0,3.0,22.0
d4j-JacksonCore-7,ok,,5.0,3.0,32.0
d4j-JacksonCore-8,ok,,1.0,6.0,12.0
d4j-JacksonCore-9,ok,,3.0,4.0,11.0
d4j-JacksonCore-10,ok,,1.0,2.0,7.0
d4j-JacksonCore-11,ok,,1.0,2.0,7.0
d4j-JacksonCore-12,ok,,2.0,4.0,8.0
d4j-JacksonCore-13,ok,,4.0,2.0,10.0
d4j-JacksonCore-14,ok,,1.0,7.0,12.0
d4j-JacksonCore-15,ok,,1.0,4.0,4.0
d4j-JacksonCore-16,skip,no distractor available (no sibling source file),,,
d4j-JacksonCore-17,ok,,1.0,3.0,9.0
d4j-JacksonCore-18,skip,no distractor available (no sibling source file),,,
d4j-JacksonCore-19,ok,,2.0,4.0,8.0
d4j-JacksonCore-20,ok,,1.0,5.0,24.0
d4j-JacksonCore-21,ok,,1.0,3.0,4.0
d4j-JacksonCore-22,ok,,1.0,4.0,4.0
d4j-JacksonCore-23,ok,,1.0,4.0,16.0
d4j-JacksonCore-24,ok,,3.0,3.0,4.0
d4j-JacksonCore-25,ok,,1.0,7.0,10.0
d4j-JacksonCore-26,ok,,1.0,2.0,2.0
d4j-JacksonDatabind-1,ok,,1.0,6.0,17.0
d4j-JacksonDatabind-2,skip,no non-test source file in fix diff,,,
d4j-JacksonDatabind-3,ok,,1.0,4.0,34.0
d4j-JacksonDatabind-4,ok,,5.0,2.0,87.0
d4j-JacksonDatabind-5,ok,,1.0,3.0,23.0
d4j-JacksonDatabind-6,ok,,1.0,5.0,29.0
d4j-JacksonDatabind-7,ok,,1.0,6.0,29.0
d4j-JacksonDatabind-8,ok,,1.0,4.0,24.0
d4j-JacksonDatabind-9,ok,,2.0,2.0,40.0
d4j-JacksonDatabind-10,ok,,4.0,1.0,84.0
d4j-JacksonDatabind-11,ok,,2.0,1.0,12.0
d4j-JacksonDatabind-12,ok,,1.0,2.0,34.0
d4j-JacksonDatabind-13,ok,,4.0,3.0,70.0
d4j-JacksonDatabind-14,ok,,1.0,4.0,31.0
d4j-JacksonDatabind-15,ok,,5.0,1.0,90.0
d4j-JacksonDatabind-16,ok,,2.0,1.0,23.0
d4j-JacksonDatabind-17,ok,,1.0,6.0,30.0
d4j-JacksonDatabind-18,ok,,1.0,4.0,31.0
d4j-JacksonDatabind-19,ok,,1.0,3.0,14.0
d4j-JacksonDatabind-20,ok,,1.0,6.0,24.0
d4j-JacksonDatabind-21,ok,,1.0,4.0,25.0
d4j-JacksonDatabind-22,ok,,2.0,6.0,19.0
d4j-JacksonDatabind-23,ok,,1.0,6.0,43.0
d4j-JacksonDatabind-24,skip,no non-test source file in fix diff,,,
d4j-JacksonDatabind-25,skip,no distractor available (no sibling source file),,,
d4j-JacksonDatabind-26,ok,,5.0,3.0,38.0
d4j-JacksonDatabind-27,ok,,1.0,7.0,25.0
d4j-JacksonDatabind-28,ok,,2.0,2.0,61.0
d4j-JacksonDatabind-29,ok,,1.0,6.0,24.0
d4j-JacksonDatabind-30,ok,,5.0,3.0,78.0
d4j-JacksonDatabind-31,skip,no non-test source file in fix diff,,,
d4j-JacksonDatabind-32,ok,,1.0,7.0,36.0
d4j-JacksonDatabind-33,ok,,1.0,3.0,25.0
d4j-JacksonDatabind-34,ok,,2.0,2.0,57.0
d4j-JacksonDatabind-35,ok,,1.0,3.0,17.0
d4j-JacksonDatabind-36,ok,,1.0,2.0,30.0
d4j-JacksonDatabind-37,ok,,2.0,4.0,32.0
d4j-JacksonDatabind-38,ok,,5.0,1.0,43.0
d4j-JacksonDatabind-39,ok,,2.0,5.0,53.0
d4j-JacksonDatabind-40,ok,,1.0,6.0,36.0
d4j-JacksonDatabind-41,ok,,2.0,1.0,46.0
d4j-JacksonDatabind-42,ok,,2.0,2.0,79.0
d4j-JacksonDatabind-43,skip,no non-test source file in fix diff,,,
d4j-JacksonDatabind-44,skip,no non-test source file in fix diff,,,
d4j-JacksonDatabind-45,ok,,1.0,7.0,42.0
d4j-JacksonDatabind-46,ok,,1.0,3.0,14.0
d4j-JacksonDatabind-47,ok,,1.0,4.0,31.0
d4j-JacksonDatabind-48,ok,,2.0,6.0,30.0
d4j-JacksonDatabind-49,ok,,1.0,5.0,21.0
d4j-JacksonDatabind-50,ok,,2.0,2.0,63.0
d4j-JacksonDatabind-51,ok,,3.0,1.0,68.0
d4j-JacksonDatabind-52,ok,,3.0,2.0,48.0
d4j-JacksonDatabind-53,ok,,2.0,1.0,14.0
d4j-JacksonDatabind-54,ok,,2.0,4.0,35.0
d4j-JacksonDatabind-55,ok,,1.0,2.0,42.0
d4j-JacksonDatabind-56,ok,,1.0,5.0,36.0
d4j-JacksonDatabind-57,ok,,1.0,3.0,31.0
d4j-JacksonDatabind-58,ok,,2.0,6.0,55.0
d4j-JacksonDatabind-59,ok,,4.0,2.0,44.0
d4j-JacksonDatabind-60,skip,no non-test source file in fix diff,,,
d4j-JacksonDatabind-61,ok,,2.0,6.0,48.0
d4j-JacksonDatabind-62,ok,,4.0,4.0,59.0
d4j-JacksonDatabind-63,ok,,1.0,3.0,31.0
d4j-JacksonDatabind-64,ok,,1.0,3.0,20.0
d4j-JacksonDatabind-66,skip,no non-test source file in fix diff,,,
d4j-JacksonDatabind-67,ok,,1.0,3.0,25.0
d4j-JacksonDatabind-68,ok,,1.0,7.0,25.0
d4j-JacksonDatabind-69,skip,no non-test source file in fix diff,,,
d4j-JacksonDatabind-70,ok,,1.0,7.0,23.0
d4j-JacksonDatabind-71,ok,,1.0,2.0,36.0
d4j-JacksonDatabind-72,ok,,1.0,7.0,24.0
d4j-JacksonDatabind-73,ok,,2.0,1.0,26.0
d4j-JacksonDatabind-74,ok,,1.0,2.0,17.0
d4j-JacksonDatabind-75,ok,,1.0,6.0,43.0
d4j-JacksonDatabind-76,ok,,1.0,6.0,25.0
d4j-JacksonDatabind-77,ok,,1.0,2.0,25.0
d4j-JacksonDatabind-78,ok,,1.0,4.0,25.0
d4j-JacksonDatabind-79,ok,,3.0,4.0,68.0
d4j-JacksonDatabind-80,skip,no non-test source file in fix diff,,,
d4j-JacksonDatabind-81,ok,,1.0,2.0,33.0
d4j-JacksonDatabind-82,ok,,1.0,3.0,25.0
d4j-JacksonDatabind-83,ok,,1.0,7.0,38.0
d4j-JacksonDatabind-84,ok,,1.0,6.0,15.0
d4j-JacksonDatabind-85,skip,no non-test source file in fix diff,,,
d4j-JacksonDatabind-86,ok,,1.0,6.0,15.0
d4j-JacksonDatabind-87,ok,,1.0,6.0,29.0
d4j-JacksonDatabind-88,ok,,1.0,2.0,17.0
d4j-JacksonDatabind-90,skip,no non-test source file in fix diff,,,
d4j-JacksonDatabind-91,ok,,1.0,5.0,25.0
d4j-JacksonDatabind-92,ok,,1.0,4.0,25.0
d4j-JacksonDatabind-93,ok,,2.0,4.0,43.0
d4j-JacksonDatabind-94,ok,,1.0,5.0,18.0
d4j-JacksonDatabind-95,ok,,2.0,5.0,15.0
d4j-JacksonDatabind-96,skip,no non-test source file in fix diff,,,
d4j-JacksonDatabind-97,ok,,1.0,4.0,24.0
d4j-JacksonDatabind-98,ok,,2.0,6.0,28.0
d4j-JacksonDatabind-99,ok,,1.0,5.0,16.0
d4j-JacksonDatabind-100,ok,,1.0,2.0,24.0
d4j-JacksonDatabind-101,ok,,1.0,7.0,26.0
d4j-JacksonDatabind-102,skip,no non-test source file in fix diff,,,
d4j-JacksonDatabind-103,ok,,5.0,3.0,54.0
d4j-JacksonDatabind-104,ok,,1.0,6.0,32.0
d4j-JacksonDatabind-105,ok,,1.0,2.0,38.0
d4j-JacksonDatabind-106,ok,,1.0,6.0,25.0
d4j-JacksonDatabind-107,ok,,1.0,5.0,18.0
d4j-JacksonDatabind-108,ok,,1.0,7.0,31.0
d4j-JacksonDatabind-109,ok,,2.0,5.0,43.0
d4j-JacksonDatabind-110,ok,,1.0,2.0,29.0
d4j-JacksonDatabind-111,skip,no non-test source file in fix diff,,,
d4j-JacksonDatabind-112,ok,,1.0,3.0,38.0
d4j-JacksonXml-1,ok,,1.0,6.0,6.0
d4j-JacksonXml-2,ok,,1.0,6.0,6.0
d4j-JacksonXml-3,ok,,1.0,6.0,6.0
d4j-JacksonXml-4,ok,,1.0,6.0,6.0
d4j-JacksonXml-5,ok,,2.0,3.0,13.0
d4j-JacksonXml-6,ok,,1.0,3.0,6.0
d4j-Jsoup-1,ok,,1.0,6.0,10.0
d4j-Jsoup-2,ok,,1.0,3.0,3.0
d4j-Jsoup-3,ok,,3.0,4.0,12.0
d4j-Jsoup-4,ok,,1.0,3.0,11.0
d4j-Jsoup-5,ok,,1.0,3.0,3.0
d4j-Jsoup-6,ok,,1.0,2.0,11.0
d4j-Jsoup-7,ok,,2.0,2.0,14.0
d4j-Jsoup-8,ok,,1.0,4.0,11.0
d4j-Jsoup-9,ok,,1.0,2.0,11.0
d4j-Jsoup-10,ok,,1.0,3.0,11.0
d4j-Jsoup-11,ok,,1.0,5.0,5.0
d4j-Jsoup-12,ok,,1.0,3.0,5.0
d4j-Jsoup-13,ok,,1.0,7.0,11.0
d4j-Jsoup-14,ok,,4.0,3.0,11.0
d4j-Jsoup-15,ok,,2.0,4.0,9.0
d4j-Jsoup-16,ok,,1.0,5.0,11.0
d4j-Jsoup-17,ok,,1.0,7.0,10.0
d4j-Jsoup-18,ok,,1.0,6.0,10.0
d4j-Jsoup-19,ok,,1.0,2.0,2.0
d4j-Jsoup-20,ok,,1.0,4.0,4.0
d4j-Jsoup-21,ok,,2.0,2.0,8.0
d4j-Jsoup-22,skip,no distractor available (no sibling source file),,,
d4j-Jsoup-23,ok,,2.0,3.0,12.0
d4j-Jsoup-24,ok,,1.0,2.0,13.0
d4j-Jsoup-25,ok,,1.0,3.0,13.0
d4j-Jsoup-26,ok,,1.0,2.0,2.0
d4j-Jsoup-27,ok,,1.0,4.0,4.0
d4j-Jsoup-28,ok,,3.0,4.0,23.0
d4j-Jsoup-29,ok,,1.0,7.0,11.0
d4j-Jsoup-30,ok,,1.0,2.0,2.0
d4j-Jsoup-31,ok,,3.0,2.0,11.0
d4j-Jsoup-32,ok,,1.0,3.0,11.0
d4j-Jsoup-33,ok,,2.0,5.0,12.0
d4j-Jsoup-34,ok,,1.0,4.0,13.0
d4j-Jsoup-35,ok,,1.0,6.0,13.0
d4j-Jsoup-36,ok,,2.0,3.0,3.0
d4j-Jsoup-37,ok,,2.0,5.0,11.0
d4j-Jsoup-38,ok,,1.0,3.0,13.0
d4j-Jsoup-39,ok,,1.0,2.0,4.0
d4j-Jsoup-40,ok,,2.0,5.0,25.0
d4j-Jsoup-41,skip,no distractor available (no sibling source file),,,
d4j-Jsoup-42,ok,,1.0,7.0,12.0
d4j-Jsoup-43,ok,,1.0,2.0,12.0
d4j-Jsoup-44,ok,,1.0,4.0,13.0
d4j-Jsoup-45,ok,,1.0,6.0,13.0
d4j-Jsoup-46,ok,,1.0,3.0,13.0
d4j-Jsoup-47,ok,,1.0,7.0,13.0
d4j-Jsoup-48,ok,,1.0,4.0,5.0
d4j-Jsoup-49,ok,,1.0,6.0,13.0
d4j-Jsoup-50,ok,,1.0,3.0,5.0
d4j-Jsoup-51,ok,,1.0,4.0,13.0
d4j-Jsoup-52,skip,no distractor available (no sibling source file),,,
d4j-Jsoup-53,ok,,1.0,7.0,13.0
d4j-Jsoup-54,ok,,1.0,5.0,5.0
d4j-Jsoup-55,ok,,1.0,2.0,14.0
d4j-Jsoup-56,ok,,5.0,1.0,24.0
d4j-Jsoup-57,ok,,1.0,7.0,13.0
d4j-Jsoup-58,skip,no distractor available (no sibling source file),,,
d4j-Jsoup-59,ok,,2.0,2.0,27.0
d4j-Jsoup-60,ok,,2.0,3.0,23.0
d4j-Jsoup-61,ok,,2.0,1.0,12.0
d4j-Jsoup-62,ok,,1.0,6.0,14.0
d4j-Jsoup-63,skip,no distractor available (no sibling source file),,,
d4j-Jsoup-64,ok,,1.0,3.0,14.0
d4j-Jsoup-65,ok,,2.0,5.0,13.0
d4j-Jsoup-66,ok,,1.0,6.0,14.0
d4j-Jsoup-67,skip,no distractor available (no sibling source file),,,
d4j-Jsoup-68,ok,,1.0,2.0,14.0
d4j-Jsoup-69,ok,,1.0,6.0,15.0
d4j-Jsoup-70,ok,,1.0,4.0,15.0
d4j-Jsoup-71,ok,,4.0,4.0,24.0
d4j-Jsoup-72,ok,,1.0,2.0,14.0
d4j-Jsoup-73,ok,,1.0,5.0,5.0
d4j-Jsoup-74,ok,,1.0,2.0,5.0
d4j-Jsoup-75,ok,,2.0,5.0,16.0
d4j-Jsoup-76,ok,,1.0,4.0,14.0
d4j-Jsoup-77,ok,,1.0,7.0,14.0
d4j-Jsoup-78,ok,,3.0,4.0,10.0
d4j-Jsoup-79,ok,,1.0,3.0,17.0
d4j-Jsoup-80,ok,,1.0,7.0,14.0
d4j-Jsoup-81,ok,,3.0,1.0,36.0
d4j-Jsoup-82,ok,,1.0,5.0,5.0
d4j-Jsoup-83,ok,,2.0,2.0,13.0
d4j-Jsoup-84,ok,,1.0,2.0,5.0
d4j-Jsoup-85,ok,,1.0,7.0,18.0
d4j-Jsoup-86,ok,,1.0,6.0,18.0
d4j-Jsoup-87,ok,,5.0,2.0,29.0
d4j-Jsoup-88,ok,,1.0,3.0,18.0
d4j-Jsoup-89,ok,,1.0,3.0,18.0
d4j-Jsoup-90,ok,,1.0,4.0,4.0
d4j-Jsoup-91,ok,,3.0,5.0,24.0
d4j-Jsoup-92,ok,,5.0,2.0,29.0
d4j-Jsoup-93,ok,,1.0,3.0,18.0
d4j-JxPath-1,ok,,2.0,2.0,12.0
d4j-JxPath-2,ok,,1.0,6.0,27.0
d4j-JxPath-3,ok,,1.0,3.0,15.0
d4j-JxPath-4,ok,,2.0,1.0,12.0
d4j-JxPath-5,ok,,1.0,3.0,3.0
d4j-JxPath-6,ok,,1.0,4.0,27.0
d4j-JxPath-7,skip,no distractor available (no sibling source file),,,
d4j-JxPath-8,ok,,1.0,5.0,28.0
d4j-JxPath-9,skip,no distractor available (no sibling source file),,,
d4j-JxPath-10,ok,,1.0,6.0,28.0
d4j-JxPath-11,ok,,2.0,2.0,12.0
d4j-JxPath-12,ok,,2.0,4.0,12.0
d4j-JxPath-13,skip,no distractor available (no sibling source file),,,
d4j-JxPath-14,ok,,1.0,3.0,28.0
d4j-JxPath-15,ok,,1.0,4.0,13.0
d4j-JxPath-16,ok,,2.0,6.0,12.0
d4j-JxPath-17,ok,,2.0,2.0,12.0
d4j-JxPath-18,ok,,1.0,5.0,13.0
d4j-JxPath-19,ok,,2.0,6.0,12.0
d4j-JxPath-20,ok,,1.0,6.0,28.0
d4j-JxPath-21,ok,,2.0,3.0,14.0
d4j-JxPath-22,ok,,1.0,5.0,6.0
d4j-Lang-1,ok,,1.0,2.0,2.0
d4j-Lang-3,ok,,1.0,2.0,2.0
d4j-Lang-4,ok,,1.0,2.0,10.0
d4j-Lang-5,ok,,1.0,2.0,23.0
d4j-Lang-6,ok,,1.0,4.0,9.0
d4j-Lang-7,ok,,1.0,2.0,2.0
d4j-Lang-8,ok,,1.0,7.0,9.0
d4j-Lang-9,ok,,1.0,3.0,9.0
d4j-Lang-10,ok,,1.0,6.0,9.0
d4j-Lang-11,ok,,1.0,6.0,22.0
d4j-Lang-12,ok,,1.0,7.0,22.0
d4j-Lang-13,ok,,1.0,5.0,22.0
d4j-Lang-14,ok,,1.0,5.0,22.0
d4j-Lang-15,ok,,1.0,2.0,4.0
d4j-Lang-16,ok,,1.0,2.0,2.0
d4j-Lang-17,ok,,1.0,6.0,9.0
d4j-Lang-19,ok,,1.0,5.0,9.0
d4j-Lang-20,ok,,1.0,2.0,22.0
d4j-Lang-21,ok,,1.0,4.0,4.0
d4j-Lang-22,ok,,1.0,2.0,2.0
d4j-Lang-23,ok,,1.0,6.0,8.0
d4j-Lang-24,ok,,1.0,2.0,2.0
d4j-Lang-26,ok,,1.0,4.0,4.0
d4j-Lang-27,ok,,1.0,2.0,2.0
d4j-Lang-28,ok,,1.0,2.0,8.0
d4j-Lang-29,ok,,1.0,3.0,21.0
d4j-Lang-30,ok,,1.0,5.0,21.0
d4j-Lang-31,ok,,1.0,4.0,21.0
d4j-Lang-32,ok,,1.0,4.0,7.0
d4j-Lang-33,ok,,1.0,3.0,19.0
d4j-Lang-34,ok,,1.0,6.0,7.0
d4j-Lang-35,ok,,1.0,2.0,19.0
d4j-Lang-36,ok,,1.0,2.0,2.0
d4j-Lang-37,ok,,1.0,5.0,20.0
d4j-Lang-38,ok,,1.0,3.0,4.0
d4j-Lang-39,ok,,1.0,4.0,20.0
d4j-Lang-40,ok,,1.0,4.0,19.0
d4j-Lang-41,ok,,1.0,7.0,19.0
d4j-Lang-42,ok,,1.0,7.0,28.0
d4j-Lang-43,ok,,1.0,2.0,7.0
d4j-Lang-44,ok,,1.0,6.0,28.0
d4j-Lang-45,ok,,1.0,7.0,27.0
d4j-Lang-46,ok,,1.0,4.0,27.0
d4j-Lang-47,ok,,1.0,6.0,15.0
d4j-Lang-49,ok,,1.0,3.0,9.0
d4j-Lang-50,ok,,1.0,4.0,4.0
d4j-Lang-51,ok,,1.0,4.0,27.0
d4j-Lang-52,ok,,1.0,5.0,27.0
d4j-Lang-53,ok,,1.0,4.0,4.0
d4j-Lang-54,ok,,1.0,6.0,27.0
d4j-Lang-55,ok,,1.0,3.0,4.0
d4j-Lang-56,ok,,1.0,3.0,4.0
d4j-Lang-57,ok,,1.0,6.0,27.0
d4j-Lang-58,ok,,2.0,1.0,36.0
d4j-Lang-59,ok,,1.0,4.0,5.0
d4j-Lang-60,ok,,1.0,5.0,5.0
d4j-Lang-61,ok,,1.0,4.0,5.0
d4j-Lang-62,ok,,1.0,3.0,27.0
d4j-Lang-63,ok,,1.0,4.0,4.0
d4j-Lang-64,ok,,1.0,2.0,2.0
d4j-Lang-65,ok,,1.0,2.0,4.0
d4j-Math-1,ok,,2.0,6.0,9.0
d4j-Math-2,ok,,1.0,5.0,35.0
d4j-Math-3,ok,,1.0,4.0,26.0
d4j-Math-4,ok,,2.0,1.0,25.0
d4j-Math-5,ok,,1.0,6.0,6.0
d4j-Math-6,skip,no distractor available (no sibling source file),,,
d4j-Math-7,ok,,1.0,7.0,22.0
d4j-Math-8,ok,,1.0,4.0,31.0
d4j-Math-9,ok,,1.0,7.0,17.0
d4j-Math-10,ok,,1.0,4.0,13.0
d4j-Math-11,ok,,1.0,7.0,28.0
d4j-Math-12,ok,,1.0,3.0,28.0
d4j-Math-13,ok,,2.0,2.0,38.0
d4j-Math-14,ok,,2.0,4.0,10.0
d4j-Math-15,ok,,1.0,4.0,26.0
d4j-Math-16,ok,,1.0,5.0,26.0
d4j-Math-17,ok,,1.0,4.0,6.0
d4j-Math-18,ok,,1.0,3.0,12.0
d4j-Math-19,ok,,1.0,2.0,12.0
d4j-Math-20,ok,,1.0,6.0,12.0
d4j-Math-21,ok,,1.0,3.0,63.0
d4j-Math-22,ok,,3.0,5.0,25.0
d4j-Math-23,ok,,1.0,5.0,8.0
d4j-Math-24,ok,,1.0,7.0,8.0
d4j-Math-25,ok,,2.0,3.0,11.0
d4j-Math-26,ok,,1.0,4.0,10.0
d4j-Math-27,ok,,1.0,4.0,10.0
d4j-Math-28,ok,,1.0,7.0,9.0
d4j-Math-29,ok,,1.0,5.0,62.0
d4j-Math-30,skip,no non-test source file in fix diff,,,
d4j-Math-31,ok,,1.0,6.0,26.0
d4j-Math-32,ok,,1.0,7.0,8.0
d4j-Math-33,ok,,1.0,5.0,9.0
d4j-Math-34,ok,,1.0,3.0,22.0
d4j-Math-35,ok,,1.0,6.0,22.0
d4j-Math-36,ok,,1.0,6.0,10.0
d4j-Math-37,ok,,1.0,3.0,4.0
d4j-Math-38,ok,,1.0,5.0,12.0
d4j-Math-39,ok,,1.0,2.0,26.0
d4j-Math-40,ok,,1.0,2.0,24.0
d4j-Math-41,ok,,1.0,4.0,13.0
d4j-Math-42,ok,,1.0,7.0,9.0
d4j-Math-43,ok,,1.0,5.0,11.0
d4j-Math-44,ok,,1.0,5.0,21.0
d4j-Math-45,ok,,1.0,4.0,59.0
d4j-Math-46,ok,,1.0,3.0,3.0
d4j-Math-47,ok,,1.0,2.0,3.0
d4j-Math-48,ok,,4.0,2.0,20.0
d4j-Math-49,ok,,1.0,2.0,57.0
d4j-Math-50,ok,,1.0,7.0,23.0
d4j-Math-51,ok,,1.0,3.0,23.0
d4j-Math-52,ok,,1.0,5.0,11.0
d4j-Math-53,ok,,1.0,3.0,3.0
d4j-Math-54,ok,,1.0,3.0,3.0
d4j-Math-55,ok,,1.0,5.0,5.0
d4j-Math-56,ok,,1.0,7.0,15.0
d4j-Math-57,ok,,1.0,3.0,3.0
d4j-Math-58,ok,,1.0,3.0,4.0
d4j-Math-59,ok,,1.0,3.0,15.0
d4j-Math-60,ok,,1.0,2.0,35.0
d4j-Math-61,ok,,2.0,6.0,35.0
d4j-Math-62,ok,,1.0,3.0,6.0
d4j-Math-63,ok,,1.0,3.0,14.0
d4j-Math-64,ok,,2.0,5.0,8.0
d4j-Math-65,skip,no distractor available (no sibling source file),,,
d4j-Math-66,skip,no distractor available (no sibling source file),,,
d4j-Math-67,ok,,2.0,1.0,18.0
d4j-Math-68,ok,,1.0,5.0,6.0
d4j-Math-69,ok,,1.0,2.0,2.0
d4j-Math-70,ok,,1.0,4.0,11.0
d4j-Math-71,skip,no distractor available (no sibling source file),,,
d4j-Math-72,ok,,1.0,6.0,11.0
d4j-Math-73,ok,,1.0,2.0,11.0
d4j-Math-74,ok,,1.0,2.0,25.0
d4j-Math-75,ok,,1.0,1.0,1.0
d4j-Math-76,ok,,1.0,6.0,55.0
d4j-Math-77,ok,,3.0,4.0,53.0
d4j-Math-78,ok,,1.0,3.0,3.0
d4j-Math-79,ok,,1.0,4.0,11.0
d4j-Math-80,ok,,1.0,5.0,54.0
d4j-Math-81,ok,,1.0,6.0,54.0
d4j-Math-82,ok,,1.0,5.0,8.0
d4j-Math-83,ok,,1.0,2.0,8.0
d4j-Math-84,ok,,1.0,2.0,2.0
d4j-Math-85,ok,,2.0,3.0,46.0
d4j-Math-86,ok,,1.0,7.0,53.0
d4j-Math-87,ok,,1.0,5.0,8.0
d4j-Math-88,ok,,1.0,2.0,8.0
d4j-Math-89,ok,,1.0,1.0,1.0
d4j-Math-90,ok,,1.0,1.0,1.0
d4j-Math-91,ok,,1.0,5.0,7.0
d4j-Math-92,ok,,1.0,4.0,8.0
d4j-Math-93,ok,,1.0,3.0,8.0
d4j-Math-94,ok,,1.0,4.0,8.0
d4j-Math-95,ok,,1.0,4.0,33.0
d4j-Math-96,ok,,1.0,2.0,2.0
d4j-Math-97,ok,,2.0,1.0,28.0
d4j-Math-98,ok,,2.0,6.0,7.0
d4j-Math-99,ok,,2.0,1.0,19.0
d4j-Math-100,skip,no non-test source file in fix diff,,,
d4j-Math-101,ok,,1.0,2.0,2.0
d4j-Math-102,skip,no non-test source file in fix diff,,,
d4j-Math-103,ok,,1.0,6.0,32.0
d4j-Math-104,ok,,2.0,1.0,1.0
d4j-Math-105,skip,no distractor available (no sibling source file),,,
d4j-Math-106,ok,,1.0,2.0,2.0
d4j-Mockito-1,ok,,1.0,6.0,12.0
d4j-Mockito-2,ok,,2.0,5.0,16.0
d4j-Mockito-3,ok,,1.0,3.0,12.0
d4j-Mockito-4,ok,,1.0,3.0,3.0
d4j-Mockito-5,ok,,1.0,7.0,14.0
d4j-Mockito-6,ok,,2.0,4.0,49.0
d4j-Mockito-7,ok,,1.0,5.0,13.0
d4j-Mockito-8,ok,,1.0,4.0,13.0
d4j-Mockito-9,ok,,1.0,5.0,10.0
d4j-Mockito-10,ok,,1.0,6.0,7.0
d4j-Mockito-11,ok,,1.0,7.0,8.0
d4j-Mockito-12,ok,,1.0,6.0,6.0
d4j-Mockito-13,ok,,1.0,4.0,4.0
d4j-Mockito-14,ok,,3.0,5.0,13.0
d4j-Mockito-15,ok,,5.0,1.0,6.0
d4j-Mockito-16,ok,,3.0,3.0,19.0
d4j-Mockito-17,ok,,3.0,1.0,17.0
d4j-Mockito-18,ok,,1.0,4.0,7.0
d4j-Mockito-19,ok,,5.0,2.0,5.0
d4j-Mockito-20,ok,,2.0,4.0,5.0
d4j-Mockito-21,ok,,1.0,4.0,4.0
d4j-Mockito-22,ok,,1.0,4.0,31.0
d4j-Mockito-23,ok,,4.0,4.0,34.0
d4j-Mockito-24,ok,,1.0,5.0,7.0
d4j-Mockito-25,ok,,5.0,1.0,31.0
d4j-Mockito-26,ok,,2.0,1.0,20.0
d4j-Mockito-27,ok,,1.0,2.0,14.0
d4j-Mockito-28,ok,,3.0,3.0,8.0
d4j-Mockito-29,ok,,1.0,3.0,30.0
d4j-Mockito-30,ok,,2.0,6.0,9.0
d4j-Mockito-31,ok,,1.0,2.0,6.0
d4j-Mockito-32,ok,,1.0,5.0,5.0
d4j-Mockito-33,ok,,1.0,6.0,11.0
d4j-Mockito-34,ok,,1.0,7.0,10.0
d4j-Mockito-35,ok,,3.0,3.0,27.0
d4j-Mockito-36,ok,,1.0,2.0,9.0
d4j-Mockito-37,ok,,5.0,1.0,22.0
d4j-Mockito-38,skip,no distractor available (no sibling source file),,,
d4j-Time-1,ok,,2.0,3.0,70.0
d4j-Time-2,ok,,2.0,3.0,70.0
d4j-Time-3,ok,,1.0,7.0,46.0
d4j-Time-4,ok,,1.0,3.0,46.0
d4j-Time-5,ok,,1.0,5.0,46.0
d4j-Time-6,ok,,1.0,3.0,29.0
d4j-Time-7,ok,,1.0,3.0,13.0
d4j-Time-8,ok,,1.0,3.0,46.0
d4j-Time-9,ok,,1.0,2.0,46.0
d4j-Time-10,ok,,1.0,6.0,12.0
d4j-Time-11,ok,,1.0,5.0,8.0
d4j-Time-12,ok,,2.0,2.0,44.0
d4j-Time-13,ok,,1.0,4.0,13.0
d4j-Time-14,ok,,1.0,3.0,29.0
d4j-Time-15,ok,,1.0,4.0,24.0
d4j-Time-16,ok,,1.0,7.0,13.0
d4j-Time-17,ok,,1.0,3.0,45.0
d4j-Time-18,ok,,1.0,6.0,29.0
d4j-Time-19,ok,,1.0,5.0,45.0
d4j-Time-20,ok,,1.0,5.0,13.0
d4j-Time-22,ok,,3.0,5.0,56.0
d4j-Time-23,ok,,1.0,3.0,45.0
d4j-Time-24,ok,,1.0,2.0,13.0
d4j-Time-25,ok,,1.0,2.0,45.0
d4j-Time-26,ok,,3.0,5.0,98.0
d4j-Time-27,ok,,1.0,7.0,13.0
bip-PySnooper-1,ok,,2.0,3.0,3.0
bip-PySnooper-2,skip,no distractor available (no sibling source file),,,
bip-PySnooper-3,ok,,1.0,4.0,4.0
bip-ansible-1,ok,,1.0,4.0,6.0
bip-ansible-2,ok,,1.0,2.0,22.0
bip-ansible-3,ok,,1.0,3.0,18.0
bip-ansible-4,ok,,1.0,3.0,17.0
bip-ansible-5,ok,,1.0,6.0,14.0
bip-ansible-6,ok,,1.0,6.0,6.0
bip-ansible-7,ok,,1.0,1.0,1.0
bip-ansible-8,ok,,1.0,5.0,5.0
bip-ansible-9,ok,,1.0,2.0,47.0
bip-ansible-10,ok,,1.0,4.0,75.0
bip-ansible-11,ok,,1.0,3.0,27.0
bip-ansible-12,ok,,1.0,4.0,64.0
bip-ansible-13,ok,,2.0,5.0,14.0
bip-ansible-14,ok,,1.0,4.0,5.0
bip-ansible-15,ok,,1.0,4.0,26.0
bip-ansible-16,ok,,1.0,2.0,11.0
bip-ansible-17,ok,,1.0,4.0,11.0
bip-ansible-18,ok,,1.0,7.0,9.0
bip-black-1,ok,,1.0,2.0,2.0
bip-black-2,ok,,1.0,2.0,2.0
bip-black-3,ok,,1.0,2.0,2.0
bip-black-4,ok,,1.0,2.0,2.0
bip-black-5,ok,,1.0,2.0,2.0
bip-black-6,ok,,3.0,3.0,9.0
bip-black-7,ok,,1.0,2.0,2.0
bip-black-8,ok,,1.0,2.0,2.0
bip-black-9,ok,,1.0,2.0,2.0
bip-black-10,ok,,1.0,6.0,8.0
bip-black-11,ok,,1.0,2.0,2.0
bip-black-12,ok,,1.0,1.0,1.0
bip-black-13,ok,,1.0,6.0,8.0
bip-black-14,ok,,1.0,1.0,1.0
bip-black-15,ok,,1.0,1.0,1.0
bip-black-16,ok,,1.0,1.0,1.0
bip-black-17,ok,,1.0,1.0,1.0
bip-black-18,ok,,1.0,1.0,1.0
bip-black-19,ok,,1.0,1.0,1.0
bip-black-20,ok,,1.0,1.0,1.0
bip-black-21,ok,,1.0,1.0,1.0
bip-black-22,ok,,1.0,1.0,1.0
bip-black-23,ok,,2.0,3.0,3.0
bip-cookiecutter-1,ok,,1.0,5.0,17.0
bip-cookiecutter-2,ok,,1.0,4.0,17.0
bip-cookiecutter-3,ok,,1.0,3.0,17.0
bip-cookiecutter-4,ok,,3.0,5.0,9.0
bip-fastapi-1,skip,no distractor available (no sibling source file),,,
bip-fastapi-2,ok,,1.0,6.0,17.0
bip-fastapi-3,ok,,1.0,4.0,17.0
bip-fastapi-4,ok,,1.0,2.0,4.0
bip-fastapi-5,ok,,1.0,2.0,11.0
bip-fastapi-6,ok,,1.0,2.0,2.0
bip-fastapi-7,ok,,1.0,4.0,10.0
bip-fastapi-8,ok,,1.0,3.0,9.0
bip-fastapi-9,ok,,1.0,2.0,2.0
bip-fastapi-10,ok,,1.0,7.0,9.0
bip-fastapi-11,ok,,1.0,2.0,2.0
bip-fastapi-12,ok,,1.0,4.0,6.0
bip-fastapi-13,ok,,1.0,4.0,7.0
bip-fastapi-14,ok,,1.0,4.0,4.0
bip-fastapi-15,ok,,1.0,6.0,7.0
bip-fastapi-16,ok,,1.0,5.0,5.0
bip-httpie-1,ok,,1.0,3.0,12.0
bip-httpie-2,ok,,2.0,5.0,11.0
bip-httpie-3,ok,,1.0,4.0,12.0
bip-httpie-4,ok,,1.0,3.0,12.0
bip-httpie-5,ok,,1.0,4.0,5.0
bip-keras-1,ok,,3.0,5.0,14.0
bip-keras-2,ok,,1.0,4.0,6.0
bip-keras-3,ok,,1.0,6.0,10.0
bip-keras-4,ok,,1.0,3.0,10.0
bip-keras-5,ok,,1.0,4.0,8.0
bip-keras-6,ok,,1.0,5.0,10.0
bip-keras-7,ok,,1.0,1.0,1.0
bip-keras-8,ok,,1.0,6.0,10.0
bip-keras-9,ok,,1.0,2.0,2.0
bip-keras-10,ok,,1.0,7.0,10.0
bip-keras-11,ok,,3.0,1.0,17.0
bip-keras-12,skip,no non-test source file in fix diff,,,
bip-keras-13,ok,,1.0,3.0,10.0
bip-keras-14,ok,,1.0,6.0,10.0
bip-keras-15,ok,,1.0,5.0,10.0
bip-keras-16,ok,,1.0,4.0,10.0
bip-keras-17,ok,,1.0,7.0,10.0
bip-keras-18,ok,,1.0,4.0,4.0
bip-keras-19,ok,,2.0,4.0,17.0
bip-keras-20,ok,,5.0,1.0,23.0
bip-keras-21,ok,,1.0,3.0,10.0
bip-keras-22,ok,,1.0,5.0,10.0
bip-keras-23,ok,,1.0,5.0,10.0
bip-keras-24,ok,,1.0,5.0,10.0
bip-keras-25,ok,,1.0,5.0,11.0
bip-keras-26,ok,,1.0,4.0,4.0
bip-keras-27,ok,,1.0,2.0,13.0
bip-keras-28,ok,,1.0,3.0,3.0
bip-keras-29,ok,,1.0,2.0,2.0
bip-keras-30,ok,,1.0,2.0,2.0
bip-keras-31,ok,,1.0,4.0,4.0
bip-keras-32,ok,,1.0,6.0,10.0
bip-keras-33,ok,,1.0,3.0,3.0
bip-keras-34,ok,,2.0,6.0,10.0
bip-keras-35,ok,,1.0,2.0,3.0
bip-keras-36,ok,,1.0,2.0,4.0
bip-keras-37,ok,,2.0,6.0,12.0
bip-keras-38,ok,,1.0,3.0,13.0
bip-keras-39,ok,,1.0,6.0,8.0
bip-keras-40,ok,,1.0,6.0,13.0
bip-keras-41,ok,,1.0,7.0,8.0
bip-keras-42,ok,,2.0,4.0,12.0
bip-keras-43,ok,,1.0,3.0,8.0
bip-keras-44,ok,,1.0,5.0,13.0
bip-keras-45,ok,,1.0,6.0,13.0
bip-luigi-1,ok,,1.0,6.0,31.0
bip-luigi-2,ok,,1.0,3.0,46.0
bip-luigi-3,ok,,1.0,5.0,31.0
bip-luigi-4,ok,,1.0,7.0,38.0
bip-luigi-5,ok,,1.0,4.0,30.0
bip-luigi-6,ok,,1.0,2.0,30.0
bip-luigi-7,ok,,1.0,4.0,32.0
bip-luigi-8,ok,,1.0,7.0,36.0
bip-luigi-9,ok,,1.0,7.0,39.0
bip-luigi-10,ok,,1.0,3.0,37.0
bip-luigi-11,ok,,1.0,5.0,37.0
bip-luigi-12,ok,,1.0,3.0,9.0
bip-luigi-13,ok,,1.0,6.0,38.0
bip-luigi-14,ok,,1.0,4.0,38.0
bip-luigi-15,ok,,1.0,7.0,38.0
bip-luigi-16,ok,,1.0,6.0,38.0
bip-luigi-17,ok,,1.0,3.0,38.0
bip-luigi-18,ok,,1.0,6.0,38.0
bip-luigi-19,ok,,1.0,2.0,38.0
bip-luigi-20,ok,,1.0,6.0,34.0
bip-luigi-21,ok,,2.0,1.0,46.0
bip-luigi-22,ok,,1.0,6.0,34.0
bip-luigi-23,ok,,2.0,6.0,33.0
bip-luigi-24,ok,,1.0,6.0,19.0
bip-luigi-25,ok,,1.0,3.0,17.0
bip-luigi-26,ok,,1.0,6.0,17.0
bip-luigi-27,ok,,1.0,4.0,34.0
bip-luigi-28,ok,,1.0,6.0,15.0
bip-luigi-29,ok,,1.0,2.0,34.0
bip-luigi-30,ok,,1.0,4.0,34.0
bip-luigi-31,ok,,1.0,3.0,34.0
bip-luigi-32,ok,,1.0,2.0,34.0
bip-luigi-33,ok,,1.0,7.0,32.0
bip-matplotlib-1,ok,,3.0,1.0,65.0
bip-matplotlib-2,ok,,1.0,4.0,4.0
bip-matplotlib-3,ok,,1.0,2.0,67.0
bip-matplotlib-4,ok,,2.0,4.0,71.0
bip-matplotlib-5,ok,,1.0,4.0,4.0
bip-matplotlib-6,ok,,1.0,3.0,4.0
bip-matplotlib-7,ok,,1.0,3.0,66.0
bip-matplotlib-8,ok,,1.0,4.0,4.0
bip-matplotlib-9,ok,,1.0,2.0,2.0
bip-matplotlib-10,ok,,1.0,6.0,66.0
bip-matplotlib-11,ok,,1.0,5.0,66.0
bip-matplotlib-12,ok,,1.0,4.0,4.0
bip-matplotlib-13,ok,,1.0,3.0,65.0
bip-matplotlib-14,ok,,1.0,4.0,65.0
bip-matplotlib-15,ok,,4.0,3.0,100.0
bip-matplotlib-16,ok,,1.0,7.0,65.0
bip-matplotlib-17,ok,,1.0,3.0,65.0
bip-matplotlib-18,ok,,1.0,2.0,2.0
bip-matplotlib-19,ok,,1.0,2.0,2.0
bip-matplotlib-20,ok,,2.0,3.0,64.0
bip-matplotlib-21,ok,,1.0,4.0,4.0
bip-matplotlib-22,ok,,1.0,4.0,4.0
bip-matplotlib-23,ok,,1.0,2.0,4.0
bip-matplotlib-24,ok,,1.0,4.0,64.0
bip-matplotlib-25,ok,,1.0,3.0,64.0
bip-matplotlib-26,ok,,1.0,7.0,64.0
bip-matplotlib-27,ok,,1.0,2.0,64.0
bip-matplotlib-28,ok,,1.0,4.0,4.0
bip-matplotlib-29,ok,,1.0,6.0,64.0
bip-matplotlib-30,ok,,1.0,6.0,64.0
bip-pandas-1,ok,,1.0,6.0,9.0
bip-pandas-2,ok,,1.0,4.0,20.0
bip-pandas-3,ok,,1.0,7.0,20.0
bip-pandas-4,ok,,1.0,3.0,14.0
bip-pandas-5,ok,,1.0,6.0,6.0
bip-pandas-6,ok,,1.0,6.0,6.0
bip-pandas-7,ok,,1.0,5.0,14.0
bip-pandas-8,ok,,1.0,3.0,4.0
bip-pandas-9,ok,,2.0,1.0,29.0
bip-pandas-10,ok,,1.0,4.0,4.0
bip-pandas-11,ok,,1.0,3.0,8.0
bip-pandas-12,ok,,1.0,6.0,20.0
bip-pandas-13,ok,,1.0,3.0,9.0
bip-pandas-14,ok,,1.0,7.0,9.0
bip-pandas-15,ok,,2.0,6.0,29.0
bip-pandas-16,ok,,1.0,2.0,14.0
bip-pandas-17,ok,,2.0,6.0,29.0
bip-pandas-18,ok,,2.0,5.0,5.0
bip-pandas-19,ok,,1.0,6.0,20.0
bip-pandas-20,ok,,1.0,2.0,4.0
bip-pandas-21,ok,,1.0,5.0,20.0
bip-pandas-22,ok,,2.0,1.0,5.0
bip-pandas-23,ok,,1.0,6.0,14.0
bip-pandas-24,ok,,1.0,3.0,14.0
bip-pandas-25,ok,,1.0,5.0,14.0
bip-pandas-26,ok,,1.0,7.0,14.0
bip-pandas-27,ok,,1.0,2.0,14.0
bip-pandas-28,ok,,1.0,3.0,20.0
bip-pandas-29,ok,,1.0,3.0,14.0
bip-pandas-30,ok,,1.0,2.0,3.0
bip-pandas-31,ok,,1.0,2.0,6.0
bip-pandas-32,ok,,1.0,4.0,4.0
bip-pandas-33,ok,,1.0,6.0,14.0
bip-pandas-34,ok,,1.0,3.0,20.0
bip-pandas-35,ok,,1.0,7.0,14.0
bip-pandas-36,ok,,1.0,5.0,9.0
bip-pandas-37,ok,,1.0,5.0,14.0
bip-pandas-38,ok,,1.0,4.0,8.0
bip-pandas-39,ok,,1.0,3.0,9.0
bip-pandas-40,ok,,1.0,3.0,8.0
bip-pandas-41,ok,,1.0,4.0,4.0
bip-pandas-42,skip,no non-test source file in fix diff,,,
bip-pandas-43,ok,,1.0,2.0,9.0
bip-pandas-44,skip,no distractor available (no sibling source file),,,
bip-pandas-45,ok,,1.0,4.0,20.0
bip-pandas-46,ok,,2.0,2.0,22.0
bip-pandas-47,ok,,2.0,6.0,19.0
bip-pandas-48,ok,,1.0,4.0,6.0
bip-pandas-49,ok,,1.0,4.0,20.0
bip-pandas-50,ok,,1.0,3.0,14.0
bip-pandas-51,ok,,1.0,4.0,14.0
bip-pandas-52,ok,,1.0,3.0,6.0
bip-pandas-53,ok,,2.0,2.0,34.0
bip-pandas-54,ok,,1.0,4.0,9.0
bip-pandas-55,ok,,2.0,1.0,19.0
bip-pandas-56,ok,,1.0,4.0,20.0
bip-pandas-57,ok,,1.0,3.0,14.0
bip-pandas-58,ok,,1.0,3.0,14.0
bip-pandas-59,ok,,1.0,5.0,6.0
bip-pandas-60,ok,,1.0,4.0,6.0
bip-pandas-61,ok,,1.0,2.0,20.0
bip-pandas-62,ok,,2.0,4.0,21.0
bip-pandas-63,ok,,1.0,7.0,20.0
bip-pandas-64,ok,,1.0,3.0,9.0
bip-pandas-65,ok,,2.0,4.0,16.0
bip-pandas-66,ok,,2.0,1.0,24.0
bip-pandas-67,ok,,1.0,2.0,4.0
bip-pandas-68,ok,,1.0,2.0,14.0
bip-pandas-69,ok,,1.0,5.0,20.0
bip-pandas-70,ok,,2.0,2.0,5.0
bip-pandas-71,ok,,1.0,6.0,8.0
bip-pandas-72,ok,,1.0,4.0,4.0
bip-pandas-73,ok,,2.0,5.0,29.0
bip-pandas-74,ok,,1.0,6.0,14.0
bip-pandas-75,ok,,1.0,7.0,14.0
bip-pandas-76,ok,,1.0,2.0,3.0
bip-pandas-77,ok,,1.0,4.0,9.0
bip-pandas-78,ok,,1.0,2.0,20.0
bip-pandas-79,ok,,4.0,2.0,39.0
bip-pandas-80,skip,no distractor available (no sibling source file),,,
bip-pandas-81,ok,,1.0,4.0,14.0
bip-pandas-82,ok,,1.0,4.0,4.0
bip-pandas-83,ok,,2.0,4.0,22.0
bip-pandas-84,ok,,1.0,6.0,8.0
bip-pandas-85,ok,,1.0,7.0,14.0
bip-pandas-86,ok,,1.0,5.0,8.0
bip-pandas-87,ok,,1.0,7.0,8.0
bip-pandas-88,ok,,1.0,5.0,8.0
bip-pandas-89,ok,,1.0,7.0,8.0
bip-pandas-90,ok,,1.0,3.0,17.0
bip-pandas-91,ok,,1.0,3.0,14.0
bip-pandas-92,ok,,3.0,3.0,32.0
bip-pandas-93,ok,,2.0,2.0,26.0
bip-pandas-94,ok,,1.0,5.0,14.0
bip-pandas-95,ok,,1.0,7.0,12.0
bip-pandas-96,ok,,1.0,2.0,4.0
bip-pandas-97,ok,,1.0,6.0,14.0
bip-pandas-98,ok,,1.0,7.0,14.0
bip-pandas-99,ok,,1.0,2.0,3.0
bip-pandas-100,ok,,1.0,7.0,19.0
bip-pandas-101,ok,,1.0,7.0,9.0
bip-pandas-102,ok,,1.0,4.0,4.0
bip-pandas-103,ok,,2.0,5.0,5.0
bip-pandas-104,ok,,1.0,4.0,6.0
bip-pandas-105,ok,,2.0,6.0,18.0
bip-pandas-106,ok,,1.0,7.0,13.0
bip-pandas-107,ok,,1.0,7.0,19.0
bip-pandas-108,ok,,1.0,3.0,9.0
bip-pandas-109,ok,,1.0,3.0,12.0
bip-pandas-110,ok,,2.0,1.0,12.0
bip-pandas-111,ok,,2.0,3.0,12.0
bip-pandas-112,ok,,1.0,5.0,13.0
bip-pandas-113,ok,,1.0,2.0,12.0
bip-pandas-114,ok,,1.0,4.0,13.0
bip-pandas-115,ok,,1.0,4.0,19.0
bip-pandas-116,ok,,1.0,5.0,8.0
bip-pandas-117,ok,,1.0,4.0,9.0
bip-pandas-118,ok,,1.0,5.0,8.0
bip-pandas-119,ok,,1.0,5.0,8.0
bip-pandas-120,ok,,2.0,5.0,5.0
bip-pandas-121,ok,,2.0,3.0,3.0
bip-pandas-122,ok,,1.0,4.0,4.0
bip-pandas-123,ok,,3.0,2.0,11.0
bip-pandas-124,ok,,1.0,4.0,19.0
bip-pandas-125,ok,,2.0,2.0,15.0
bip-pandas-126,ok,,1.0,5.0,19.0
bip-pandas-127,ok,,1.0,5.0,19.0
bip-pandas-128,ok,,1.0,3.0,3.0
bip-pandas-129,ok,,1.0,2.0,11.0
bip-pandas-130,ok,,1.0,5.0,6.0
bip-pandas-131,ok,,1.0,5.0,13.0
bip-pandas-132,ok,,2.0,5.0,18.0
bip-pandas-133,ok,,1.0,2.0,19.0
bip-pandas-134,ok,,1.0,2.0,6.0
bip-pandas-135,ok,,1.0,3.0,6.0
bip-pandas-136,ok,,1.0,7.0,8.0
bip-pandas-137,ok,,1.0,4.0,11.0
bip-pandas-138,ok,,1.0,3.0,8.0
bip-pandas-139,ok,,1.0,5.0,6.0
bip-pandas-140,ok,,1.0,3.0,6.0
bip-pandas-141,ok,,1.0,3.0,13.0
bip-pandas-142,ok,,1.0,3.0,19.0
bip-pandas-143,ok,,1.0,4.0,13.0
bip-pandas-144,ok,,1.0,3.0,9.0
bip-pandas-145,ok,,1.0,6.0,6.0
bip-pandas-146,ok,,2.0,6.0,22.0
bip-pandas-147,ok,,1.0,3.0,9.0
bip-pandas-148,ok,,1.0,5.0,19.0
bip-pandas-149,ok,,1.0,7.0,17.0
bip-pandas-150,ok,,1.0,7.0,9.0
bip-pandas-151,ok,,1.0,7.0,11.0
bip-pandas-152,ok,,1.0,5.0,19.0
bip-pandas-153,ok,,1.0,3.0,4.0
bip-pandas-154,ok,,1.0,2.0,6.0
bip-pandas-155,ok,,1.0,4.0,4.0
bip-pandas-156,ok,,1.0,4.0,4.0
bip-pandas-157,ok,,1.0,4.0,8.0
bip-pandas-158,ok,,1.0,2.0,19.0
bip-pandas-159,ok,,1.0,3.0,19.0
bip-pandas-160,ok,,1.0,5.0,11.0
bip-pandas-161,ok,,1.0,3.0,11.0
bip-pandas-162,ok,,1.0,2.0,8.0
bip-pandas-163,ok,,1.0,5.0,20.0
bip-pandas-164,ok,,1.0,3.0,3.0
bip-pandas-165,ok,,1.0,6.0,11.0
bip-pandas-166,ok,,1.0,7.0,20.0
bip-pandas-167,ok,,4.0,1.0,31.0
bip-pandas-168,ok,,1.0,6.0,6.0
bip-pandas-169,ok,,1.0,6.0,19.0
bip-sanic-1,ok,,2.0,3.0,51.0
bip-sanic-2,ok,,1.0,4.0,25.0
bip-sanic-3,ok,,1.0,6.0,25.0
bip-sanic-4,ok,,1.0,5.0,24.0
bip-sanic-5,ok,,1.0,2.0,19.0
bip-scrapy-1,ok,,1.0,2.0,5.0
bip-scrapy-2,ok,,1.0,3.0,37.0
bip-scrapy-3,ok,,1.0,2.0,15.0
bip-scrapy-4,ok,,1.0,1.0,1.0
bip-scrapy-5,ok,,1.0,3.0,3.0
bip-scrapy-6,ok,,1.0,3.0,3.0
bip-scrapy-7,ok,,1.0,2.0,2.0
bip-scrapy-8,ok,,1.0,7.0,33.0
bip-scrapy-9,ok,,1.0,4.0,33.0
bip-scrapy-10,ok,,1.0,4.0,15.0
bip-scrapy-11,ok,,1.0,7.0,35.0
bip-scrapy-12,ok,,1.0,3.0,3.0
bip-scrapy-13,ok,,1.0,3.0,3.0
bip-scrapy-14,ok,,1.0,5.0,35.0
bip-scrapy-15,ok,,1.0,7.0,35.0
bip-scrapy-16,ok,,1.0,7.0,35.0
bip-scrapy-17,ok,,1.0,3.0,35.0
bip-scrapy-18,ok,,1.0,6.0,33.0
bip-scrapy-19,ok,,1.0,3.0,3.0
bip-scrapy-20,ok,,1.0,4.0,4.0
bip-scrapy-21,ok,,1.0,3.0,15.0
bip-scrapy-22,ok,,1.0,3.0,33.0
bip-scrapy-23,ok,,1.0,6.0,15.0
bip-scrapy-24,ok,,1.0,5.0,6.0
bip-scrapy-25,ok,,1.0,2.0,2.0
bip-scrapy-26,ok,,1.0,2.0,2.0
bip-scrapy-27,ok,,1.0,5.0,15.0
bip-scrapy-28,ok,,1.0,4.0,33.0
bip-scrapy-29,ok,,1.0,4.0,34.0
bip-scrapy-30,ok,,1.0,5.0,33.0
bip-scrapy-31,ok,,1.0,3.0,3.0
bip-scrapy-32,ok,,1.0,4.0,33.0
bip-scrapy-33,ok,,5.0,2.0,61.0
bip-scrapy-34,ok,,1.0,6.0,32.0
bip-scrapy-35,ok,,1.0,7.0,29.0
bip-scrapy-36,ok,,1.0,7.0,38.0
bip-scrapy-37,ok,,1.0,3.0,3.0
bip-scrapy-38,ok,,1.0,2.0,2.0
bip-scrapy-39,ok,,1.0,2.0,4.0
bip-scrapy-40,ok,,1.0,2.0,33.0
bip-spacy-1,ok,,1.0,7.0,12.0
bip-spacy-2,ok,,1.0,5.0,12.0
bip-spacy-3,ok,,1.0,5.0,9.0
bip-spacy-4,ok,,1.0,3.0,4.0
bip-spacy-5,ok,,1.0,7.0,12.0
bip-spacy-6,ok,,1.0,5.0,12.0
bip-spacy-7,ok,,2.0,1.0,13.0
bip-spacy-8,ok,,1.0,2.0,11.0
bip-spacy-9,ok,,1.0,3.0,11.0
bip-spacy-10,ok,,1.0,6.0,11.0
bip-thefuck-1,ok,,1.0,5.0,153.0
bip-thefuck-2,ok,,1.0,3.0,9.0
bip-thefuck-3,ok,,1.0,3.0,6.0
bip-thefuck-4,ok,,1.0,3.0,6.0
bip-thefuck-5,ok,,1.0,7.0,135.0
bip-thefuck-6,ok,,1.0,4.0,135.0
bip-thefuck-7,ok,,1.0,6.0,129.0
bip-thefuck-8,ok,,1.0,4.0,124.0
bip-thefuck-9,ok,,1.0,7.0,103.0
bip-thefuck-10,ok,,1.0,2.0,102.0
bip-thefuck-11,ok,,1.0,2.0,102.0
bip-thefuck-12,ok,,1.0,3.0,87.0
bip-thefuck-13,ok,,1.0,6.0,87.0
bip-thefuck-14,ok,,1.0,4.0,6.0
bip-thefuck-15,ok,,1.0,7.0,82.0
bip-thefuck-16,skip,no distractor available (no sibling source file),,,
bip-thefuck-17,ok,,2.0,4.0,4.0
bip-thefuck-18,ok,,1.0,3.0,75.0
bip-thefuck-19,ok,,1.0,7.0,75.0
bip-thefuck-20,ok,,1.0,5.0,75.0
bip-thefuck-21,ok,,1.0,6.0,74.0
bip-thefuck-22,ok,,1.0,2.0,8.0
bip-thefuck-23,ok,,1.0,4.0,8.0
bip-thefuck-24,ok,,1.0,7.0,8.0
bip-thefuck-25,ok,,1.0,6.0,69.0
bip-thefuck-26,ok,,1.0,6.0,70.0
bip-thefuck-27,ok,,1.0,2.0,68.0
bip-thefuck-28,ok,,1.0,5.0,68.0
bip-thefuck-29,ok,,1.0,3.0,9.0
bip-thefuck-30,ok,,1.0,3.0,67.0
bip-thefuck-31,ok,,1.0,5.0,58.0
bip-thefuck-32,ok,,1.0,4.0,50.0
bip-tornado-1,ok,,1.0,6.0,29.0
bip-tornado-2,ok,,1.0,3.0,29.0
bip-tornado-3,ok,,1.0,2.0,29.0
bip-tornado-4,ok,,1.0,4.0,29.0
bip-tornado-5,ok,,1.0,2.0,30.0
bip-tornado-6,ok,,2.0,1.0,41.0
bip-tornado-7,ok,,1.0,6.0,30.0
bip-tornado-8,ok,,1.0,6.0,30.0
bip-tornado-9,ok,,1.0,6.0,30.0
bip-tornado-10,ok,,2.0,3.0,29.0
bip-tornado-11,ok,,1.0,3.0,29.0
bip-tornado-12,ok,,1.0,5.0,29.0
bip-tornado-13,ok,,1.0,3.0,29.0
bip-tornado-14,ok,,1.0,2.0,28.0
bip-tornado-15,ok,,2.0,2.0,28.0
bip-tornado-16,ok,,1.0,5.0,28.0
bip-tqdm-1,ok,,1.0,2.0,2.0
bip-tqdm-2,ok,,2.0,6.0,15.0
bip-tqdm-3,ok,,1.0,3.0,9.0
bip-tqdm-4,ok,,1.0,6.0,9.0
bip-tqdm-5,ok,,1.0,7.0,9.0
bip-tqdm-6,ok,,1.0,5.0,9.0
bip-tqdm-7,ok,,1.0,4.0,8.0
bip-tqdm-8,ok,,1.0,3.0,7.0
bip-tqdm-9,ok,,1.0,2.0,2.0
bip-youtube-dl-1,ok,,1.0,2.0,12.0
bip-youtube-dl-2,ok,,1.0,4.0,745.0
bip-youtube-dl-3,ok,,1.0,3.0,12.0
bip-youtube-dl-4,ok,,1.0,2.0,12.0
bip-youtube-dl-5,ok,,1.0,2.0,12.0
bip-youtube-dl-6,ok,,1.0,5.0,11.0
bip-youtube-dl-7,ok,,1.0,6.0,11.0
bip-youtube-dl-8,ok,,1.0,2.0,11.0
bip-youtube-dl-9,ok,,1.0,4.0,11.0
bip-youtube-dl-10,ok,,1.0,6.0,11.0
bip-youtube-dl-11,ok,,1.0,3.0,12.0
bip-youtube-dl-12,ok,,1.0,3.0,12.0
bip-youtube-dl-13,ok,,1.0,6.0,12.0
bip-youtube-dl-14,ok,,1.0,3.0,763.0
bip-youtube-dl-15,ok,,1.0,2.0,12.0
bip-youtube-dl-16,ok,,2.0,2.0,18.0
bip-youtube-dl-17,ok,,1.0,7.0,12.0
bip-youtube-dl-18,ok,,1.0,4.0,12.0
bip-youtube-dl-19,ok,,1.0,3.0,12.0
bip-youtube-dl-20,ok,,1.0,3.0,12.0
bip-youtube-dl-21,ok,,1.0,6.0,12.0
bip-youtube-dl-22,ok,,1.0,6.0,12.0
bip-youtube-dl-23,ok,,1.0,2.0,12.0
bip-youtube-dl-24,ok,,1.0,2.0,12.0
bip-youtube-dl-25,ok,,1.0,2.0,12.0
bip-youtube-dl-26,ok,,1.0,2.0,12.0
bip-youtube-dl-27,ok,,1.0,7.0,11.0
bip-youtube-dl-28,ok,,1.0,7.0,11.0
bip-youtube-dl-29,ok,,1.0,6.0,11.0
bip-youtube-dl-30,ok,,1.0,5.0,11.0
bip-youtube-dl-31,ok,,2.0,5.0,409.0
bip-youtube-dl-32,ok,,2.0,5.0,395.0
bip-youtube-dl-33,ok,,2.0,6.0,391.0
bip-youtube-dl-34,ok,,1.0,3.0,10.0
bip-youtube-dl-35,ok,,2.0,1.0,372.0
bip-youtube-dl-36,ok,,1.0,3.0,311.0
bip-youtube-dl-37,ok,,1.0,6.0,8.0
bip-youtube-dl-38,ok,,2.0,2.0,235.0
bip-youtube-dl-39,ok,,2.0,2.0,356.0
bip-youtube-dl-40,ok,,2.0,3.0,14.0
bip-youtube-dl-41,ok,,1.0,3.0,8.0
bip-youtube-dl-42,skip,no distractor available (no sibling source file),,,
bip-youtube-dl-43,ok,,1.0,4.0,9.0
